,Prediction
0,16.611277
1,71.688446
2,66.8411
3,73.36975
4,74.008934
5,16.56194
6,69.47868
7,19.440952
8,68.935074
9,74.76244
10,15.552425
11,16.564657
12,75.64584
13,70.19033
14,15.56856
15,16.578661
16,69.23046
17,18.433762
18,70.31302
19,68.37128
20,15.555143
21,19.432043
22,76.307755
23,70.26397
24,67.483864
25,62.40644
26,73.327866
27,65.16484
28,17.585045
29,73.38341
30,17.57689
31,70.942665
32,75.04902
33,66.91501
34,71.245476
35,73.000694
36,22.43446
37,66.07098
38,68.51142
39,66.38805
40,70.334175
41,70.80757
42,69.79932
43,73.99231
44,97.04725
45,15.544271
46,72.800896
47,16.586815
48,16.559223
49,64.28901
50,69.01403
51,72.13646
52,68.37633
53,69.584366
54,66.366356
55,72.896484
56,68.059265
57,63.96185
58,64.188385
59,63.941654
60,70.942665
61,68.20826
62,14.607971
63,14.553783
64,71.731094
65,18.60567
66,67.384705
67,16.56194
68,73.46534
69,19.476042
70,19.615356
71,18.575531
72,69.67342
73,69.15151
74,65.839386
75,17.609919
76,73.44366
77,17.554974
78,19.461191
79,69.546875
80,67.46871
81,64.272385
82,67.78026
83,73.243866
84,75.78504
85,16.551067
86,70.03238
87,16.559223
88,68.80414
89,64.731995
90,67.0207
91,72.49067
92,18.572641
93,78.074554
94,19.420158
95,16.619432
96,69.03572
97,72.1415
98,70.22208
99,70.56945
100,70.80253
101,76.53428
102,14.567201
103,71.89328
104,69.41141
105,15.5767145
106,68.366234
107,75.39044
108,71.129684
109,69.03066
110,69.8008
111,18.589363
112,16.578247
113,16.580965
114,16.56992
115,71.88319
116,69.378044
117,16.542912
118,68.26559
119,76.86652
120,72.32109
121,69.84891
122,68.487076
123,95.11932
124,15.593022
125,16.59225
126,73.5343
127,66.377945
128,71.245476
129,15.563297
130,17.421951
131,69.45194
132,67.062584
133,19.474556
134,73.49659
135,19.443922
136,92.34686
137,70.12649
138,66.24047
139,71.68333
140,73.00723
141,16.610691
142,70.455215
143,67.94346
144,68.15484
145,64.41937
146,17.571455
147,71.99393
148,65.49201
149,91.805176
150,20.602955
151,66.488686
152,74.39276
153,18.561943
154,18.453068
155,15.560579
156,69.594475
157,69.57932
158,15.609917
159,15.579606
160,68.14665
161,73.78745
162,16.553785
163,68.91993
164,73.84588
165,90.160446
166,70.59114
167,71.852135
168,71.250534
169,93.08051
170,68.81458
171,75.64584
172,62.928345
173,75.67006
174,67.500496
175,68.59781
176,70.04269
177,69.589424
178,72.68511
179,75.75588
180,66.16458
181,70.36461
182,66.28235
183,67.93957
184,68.059265
185,18.447124
186,17.5441
187,64.94842
188,17.552427
189,71.59892
190,72.0747
191,71.571175
192,16.570505
193,64.055954
194,65.02232
195,15.571279
196,69.51066
197,67.977844
198,15.573997
199,17.601353
200,14.570092
201,66.59942
202,71.33454
203,67.4904
204,68.02397
205,68.570854
206,71.445274
207,70.61453
208,71.240425
209,65.29073
210,66.58784
211,15.585042
212,75.20541
213,70.35956
214,70.47534
215,17.566017
216,71.6372
217,18.58138
218,16.567375
219,61.641346
220,72.00402
221,68.69845
222,70.68674
223,68.66856
224,71.01895
225,66.442764
226,73.433556
227,15.566015
228,14.559219
229,67.621346
230,15.56856
231,65.617905
232,16.56992
233,64.83768
234,14.591836
235,69.361404
236,73.23957
237,24.450598
238,66.50889
239,72.36805
240,75.78079
241,15.546989
242,65.27559
243,71.21874
244,18.59208
245,69.11774
246,16.594797
247,74.346214
248,69.372986
249,70.46852
250,15.557861
251,70.91326
252,67.81252
253,70.58609
254,72.71487
255,68.1599
256,68.15832
257,71.79413
258,69.74902
259,70.81781
260,74.551056
261,16.570093
262,70.746704
263,67.26238
264,14.556502
265,70.39579
266,15.571452
267,69.773994
268,15.560579
269,16.613995
270,71.414635
271,65.612854
272,69.79426
273,22.450768
274,71.965324
275,74.880196
276,68.39148
277,67.92831
278,71.461914
279,70.430244
280,67.25228
281,67.26238
282,69.3412
283,67.483864
284,73.217125
285,66.49879
286,14.564656
287,15.579606
288,17.571281
289,15.541553
290,65.58106
291,17.571281
292,69.589424
293,17.620792
294,18.59208
295,67.71693
296,14.567374
297,72.896484
298,18.498552
299,74.24052
300,17.582153
301,20.457985
302,69.678474
303,15.571452
304,14.553783
305,13.58504
306,73.527245
307,19.601595
308,71.47706
309,94.257744
310,73.005745
311,66.28235
312,17.607027
313,67.379654
314,71.33454
315,95.05108
316,72.42399
317,71.36632
318,64.84778
319,73.43335
320,17.5441
321,17.604311
322,70.69178
323,72.53621
324,16.586815
325,15.560579
326,14.553783
327,69.59952
328,23.460283
329,71.666756
330,15.579606
331,65.617905
332,15.546989
333,66.94679
334,70.03238
335,16.600405
336,71.06153
337,71.87711
338,70.03101
339,72.88646
340,72.03581
341,72.54762
342,74.678444
343,65.60275
344,17.604311
345,15.555143
346,93.60614
347,72.15285
348,75.494995
349,14.5456295
350,70.22208
351,68.37128
352,68.35969
353,72.69521
354,66.38333
355,16.613995
356,73.10134
357,67.46366
358,13.563296
359,16.589533
360,71.240425
361,74.11457
362,66.28235
363,66.71522
364,16.55633
365,75.01066
366,15.555143
367,72.66771
368,16.567204
369,21.463
370,15.555143
371,96.74733
372,67.03733
373,75.65342
374,71.57395
375,18.608389
376,64.183334
377,16.56194
378,70.25387
379,16.567204
380,72.00402
381,70.14311
382,72.040436
383,70.80399
384,15.555143
385,15.555143
386,16.56194
387,69.79426
388,76.54581
389,70.12649
390,74.17401
391,67.92831
392,67.71188
393,15.590478
394,68.935074
395,73.99353
396,18.444155
397,67.04744
398,16.572813
399,69.705215
400,68.81928
401,16.613995
402,70.68674
403,19.60703
404,72.56427
405,14.570092
406,67.72198
407,79.60811
408,18.57808
409,71.91496
410,15.588173
411,70.47534
412,17.557863
413,70.862854
414,16.564657
415,73.98725
416,79.731026
417,67.69019
418,75.360466
419,15.5767145
420,75.96329
421,14.553783
422,69.82101
423,74.873184
424,17.563128
425,70.55851
426,68.76464
427,70.92336
428,17.59361
429,70.2248
430,71.81563
431,68.7136
432,19.588177
433,71.5979
434,16.567375
435,64.257225
436,17.587587
437,73.38722
438,73.66008
439,68.82434
440,74.01904
441,72.02067
442,16.588947
443,13.582322
444,73.77588
445,68.571075
446,17.609333
447,17.618073
448,70.91831
449,15.574169
450,17.612465
451,71.14484
452,72.3575
453,72.79585
454,67.05753
455,15.585042
456,72.23021
457,71.05205
458,73.57103
459,74.22395
460,69.362885
461,72.45353
462,15.565843
463,19.436497
464,65.617905
465,72.42399
466,14.575528
467,14.5456295
468,15.599045
469,71.7775
470,17.568563
471,15.609917
472,73.3445
473,14.551065
474,72.97088
475,68.35464
476,67.05249
477,16.561766
478,69.710266
479,70.37081
480,73.317764
481,15.58215
482,67.4904
483,73.67019
484,71.60637
485,69.9368
486,17.590895
487,70.455215
488,15.565843
489,70.24228
490,75.84974
491,16.567204
492,72.03643
493,15.552253
494,68.42702
495,16.586227
496,71.69855
497,66.60953
498,17.601765
499,72.91143
500,16.591667
501,13.5524235
502,72.43729
503,14.567374
504,72.54762
505,69.45917
506,67.384705
507,70.867744
508,69.695114
509,68.270645
510,72.1115
511,68.60286
512,70.14817
513,15.582736
514,16.564657
515,76.66849
516,63.841007
517,69.72036
518,70.23723
519,72.49006
520,70.76266
521,65.49706
522,70.0107
523,71.582756
524,72.35288
525,70.11639
526,66.68649
527,70.34796
528,67.46542
529,21.46028
530,15.5767145
531,87.35034
532,73.133125
533,70.02732
534,68.039055
535,72.83652
536,67.16323
537,14.548347
538,69.37476
539,69.01908
540,72.33958
541,15.557688
542,70.762184
543,68.68687
544,70.78384
545,74.35829
546,70.36461
547,91.169624
548,70.13807
549,70.14311
550,73.323975
551,21.46028
552,74.04347
553,18.567205
554,68.0441
555,74.03017
556,69.700165
557,14.537475
558,72.98555
559,18.59769
560,72.69017
561,81.93937
562,69.48878
563,69.92164
564,70.56945
565,68.60286
566,16.551067
567,69.49383
568,16.570093
569,69.921646
570,69.33649
571,16.588947
572,76.856415
573,69.5897
574,14.570092
575,66.01856
576,72.805954
577,16.559223
578,68.37633
579,74.46705
580,71.537315
581,68.37633
582,19.626228
583,69.495804
584,68.487076
585,69.688576
586,16.564657
587,67.4904
588,71.250534
589,72.03581
590,67.13649
591,63.714264
592,71.77429
593,72.45845
594,92.926956
595,73.03247
596,75.56144
597,16.591667
598,19.601595
599,65.617905
600,18.592253
601,71.35622
602,71.384575
603,17.5441
604,69.161606
605,71.414635
606,73.34955
607,14.561765
608,72.800896
609,18.578663
610,71.80928
611,15.544271
612,78.37118
613,77.97022
614,13.563296
615,17.571281
616,69.899956
617,66.71522
618,73.91335
619,70.21149
620,71.255585
621,69.594475
622,71.1398
623,70.90821
624,15.593608
625,16.58912
626,69.44689
627,67.15817
628,14.559219
629,17.585457
630,69.50911
631,71.78908
632,75.53646
633,16.537477
634,66.483635
635,73.18168
636,74.0039
637,75.98727
638,13.546815
639,17.571455
640,71.472
641,70.10212
642,63.824368
643,65.69181
644,66.93165
645,73.57719
646,75.884995
647,71.134735
648,16.575357
649,72.1314
650,73.90964
651,73.23881
652,16.553612
653,65.17495
654,16.580965
655,67.645905
656,15.538662
657,16.561766
658,70.75837
659,14.542912
660,71.68191
661,71.572655
662,71.67181
663,65.29073
664,65.50211
665,21.468433
666,67.75528
667,66.39815
668,18.592253
669,72.901535
670,67.38976
671,71.67686
672,67.15313
673,73.10639
674,17.588175
675,68.98339
676,17.601765
677,71.02905
678,71.54591
679,71.582756
680,14.591836
681,68.92396
682,71.92856
683,66.28741
684,75.89658
685,20.466896
686,73.69188
687,66.92512
688,69.67342
689,71.92705
690,71.195885
691,66.58784
692,70.70188
693,63.503742
694,19.420158
695,17.568563
696,64.188385
697,69.495804
698,18.589363
699,14.575528
700,72.82485
701,70.822716
702,70.3747
703,67.148964
704,75.92402
705,68.017365
706,73.67797
707,68.00221
708,74.07891
709,71.45686
710,68.270645
711,67.36807
712,14.548347
713,15.549706
714,67.46366
715,69.589424
716,70.79093
717,67.93957
718,15.549706
719,66.28741
720,64.726944
721,70.90167
722,64.84778
723,14.559219
724,71.220856
725,17.565844
726,73.84588
727,72.98417
728,17.563128
729,69.22711
730,70.56945
731,68.164955
732,69.47868
733,76.45029
734,70.80253
735,69.59351
736,69.01908
737,66.00907
738,16.54835
739,92.00429
740,70.69683
741,18.586817
742,17.427427
743,68.37128
744,73.88156
745,67.93841
746,63.398052
747,14.583509
748,70.59114
749,74.54601
750,16.56992
751,72.45857
752,13.560577
753,74.005196
754,71.91496
755,70.15322
756,13.565842
757,99.55128
758,71.688446
759,64.15154
760,16.561766
761,72.779205
762,64.15154
763,15.563297
764,69.82101
765,67.11233
766,92.295654
767,18.603125
768,67.17333
769,77.849464
770,67.45306
771,16.559223
772,70.57094
773,71.1398
774,17.582153
775,73.84588
776,68.164955
777,78.55216
778,23.463001
779,68.38138
780,14.5456295
781,69.44586
782,73.645195
783,70.89157
784,64.510506
785,64.83263
786,77.85833
787,18.611279
788,66.72027
789,16.583511
790,15.557688
791,70.650246
792,71.034096
793,18.62198
794,17.541555
795,14.580964
796,15.571452
797,74.74586
798,72.44896
799,70.00059
800,15.582324
801,73.98725
802,73.89315
803,64.39472
804,71.98649
805,65.60781
806,73.857124
807,68.03756
808,71.550964
809,69.594475
810,66.3931
811,16.570093
812,18.444155
813,17.57689
814,73.68178
815,69.045815
816,14.551065
817,71.96152
818,64.05238
819,17.593199
820,70.3747
821,67.706825
822,14.575528
823,74.81859
824,17.604485
825,80.50216
826,69.594475
827,69.8109
828,67.279015
829,21.409296
830,16.56194
831,16.603125
832,73.82091
833,69.24204
834,68.24389
835,76.96202
836,67.606186
837,69.03066
838,67.37461
839,66.166565
840,69.12982
841,67.27397
842,71.648476
843,67.495445
844,74.321655
845,74.57275
846,16.559223
847,74.30121
848,68.415344
849,72.71487
850,65.834335
851,69.372986
852,15.541553
853,65.7108
854,17.604485
855,67.14154
856,18.61926
857,70.4703
858,72.67353
859,15.557861
860,16.545631
861,15.579606
862,19.593613
863,13.571277
864,64.62125
865,14.564656
866,72.901535
867,73.736496
868,75.128235
869,73.68656
870,72.1415
871,19.63982
872,71.45686
873,18.575945
874,72.92092
875,69.36794
876,70.14817
877,70.02228
878,73.58099
879,74.855225
880,15.552425
881,71.46043
882,76.068214
883,70.48019
884,14.540194
885,69.688576
886,15.582736
887,16.572813
888,75.09895
889,72.73095
890,71.878136
891,73.15894
892,74.734184
893,16.570093
894,71.60637
895,67.61124
896,68.576126
897,73.234375
898,64.19344
899,73.3546
900,67.837776
901,69.02918
902,15.549706
903,73.017334
904,71.69663
905,90.90594
906,65.48043
907,14.553783
908,17.599049
909,16.567375
910,20.450766
911,75.65533
912,68.35969
913,75.33784
914,64.37302
915,70.92336
916,70.95216
917,74.899925
918,15.571452
919,69.25215
920,69.56806
921,70.47534
922,73.33727
923,70.11542
924,69.055916
925,69.058304
926,15.541553
927,15.563297
928,14.570092
929,67.04744
930,68.81458
931,68.06224
932,68.60286
933,65.834335
934,13.541552
935,66.72532
936,17.552254
937,17.568563
938,70.4804
939,18.59769
940,69.594475
941,70.69683
942,71.45291
943,72.03076
944,70.90821
945,17.6371
946,67.606186
947,76.96202
948,68.7774
949,68.04916
950,71.925064
951,69.594475
952,65.50717
953,71.445274
954,71.149895
955,68.53639
956,87.603836
957,70.67091
958,70.36461
959,15.574169
960,71.71655
961,75.88956
962,74.30121
963,75.97406
964,64.52061
965,15.590305
966,16.561766
967,65.06421
968,13.541552
969,15.566015
970,67.384705
971,15.571452
972,64.74713
973,71.02905
974,69.798965
975,97.75529
976,18.447124
977,65.71349
978,14.564656
979,16.570093
980,68.270645
981,74.711525
982,66.366356
983,65.48548
984,69.46204
985,69.705215
986,72.01561
987,14.580964
988,17.389086
989,71.23415
990,73.980225
991,72.924736
992,69.59952
993,75.3244
994,70.80757
995,70.4804
996,69.46624
997,18.597517
998,72.40283
999,70.81262
1000,67.233376
1001,69.700165
1002,15.584868
1003,70.37081
1004,69.34598
1005,75.200356
1006,73.08025
1007,67.805984
1008,16.616713
1009,67.4904
1010,14.570092
1011,70.34292
1012,69.59952
1013,67.82262
1014,13.566014
1015,74.66834
1016,70.81262
1017,95.49381
1018,71.11147
1019,65.39137
1020,70.25387
1021,72.67353
1022,74.22389
1023,69.045815
1024,70.99727
1025,67.340126
1026,14.567201
1027,74.711525
1028,73.25287
1029,65.38632
1030,74.22395
1031,71.92002
1032,74.96461
1033,64.178276
1034,63.946697
1035,66.49879
1036,68.017365
1037,71.36632
1038,69.47868
1039,70.07715
1040,17.571281
1041,76.083336
1042,19.47901
1043,14.5456295
1044,76.09245
1045,76.50264
1046,68.998886
1047,74.13954
1048,14.537475
1049,72.377655
1050,71.61223
1051,67.38976
1052,68.4365
1053,71.80928
1054,17.596155
1055,76.0795
1056,70.236465
1057,15.557861
1058,70.03101
1059,15.557688
1060,67.26238
1061,16.583511
1062,71.82716
1063,75.89153
1064,69.262245
1065,72.56783
1066,69.45194
1067,73.005745
1068,69.82101
1069,70.59619
1070,62.854446
1071,20.460957
1072,67.16323
1073,69.01403
1074,67.04744
1075,66.382996
1076,71.36851
1077,70.15206
1078,68.38643
1079,69.8949
1080,14.575528
1081,74.894875
1082,73.71345
1083,66.28235
1084,17.590307
1085,68.49211
1086,19.601595
1087,15.574169
1088,72.14655
1089,66.693535
1090,69.267296
1091,18.445642
1092,15.579606
1093,71.91496
1094,16.594969
1095,65.27559
1096,16.575357
1097,72.77416
1098,16.580793
1099,18.59769
1100,68.28075
1101,69.267296
1102,68.270645
1103,69.45514
1104,75.931404
1105,17.565844
1106,67.911674
1107,75.89594
1108,68.14979
1109,72.24351
1110,93.94209
1111,68.80919
1112,68.0441
1113,72.66771
1114,68.05421
1115,14.572809
1116,66.6657
1117,71.049995
1118,74.005196
1119,73.98725
1120,66.70363
1121,73.3546
1122,69.01908
1123,16.583511
1124,70.446625
1125,15.560579
1126,69.46858
1127,67.58647
1128,67.71693
1129,69.56268
1130,16.586227
1131,68.083405
1132,17.6179
1133,16.56194
1134,70.81262
1135,68.79761
1136,16.600405
1137,15.579433
1138,76.71487
1139,71.56228
1140,65.17495
1141,94.94018
1142,68.302155
1143,67.44045
1144,65.29073
1145,68.7136
1146,66.07603
1147,68.37128
1148,65.834335
1149,69.05087
1150,17.588175
1151,72.364555
1152,64.330154
1153,67.81757
1154,17.552254
1155,77.39586
1156,74.98958
1157,67.48029
1158,69.700165
1159,72.39902
1160,73.08025
1161,68.1281
1162,72.10916
1163,68.59276
1164,72.84033
1165,64.523445
1166,16.56992
1167,70.13302
1168,71.439606
1169,71.45538
1170,71.567604
1171,71.034096
1172,17.565844
1173,69.257195
1174,70.14311
1175,15.555143
1176,14.559047
1177,65.617905
1178,72.66771
1179,15.563297
1180,71.5878
1181,69.24561
1182,71.98172
1183,15.546989
1184,68.80265
1185,18.611107
1186,59.542336
1187,16.586227
1188,71.21874
1189,70.35956
1190,69.82101
1191,95.74208
1192,70.36965
1193,17.568737
1194,66.50889
1195,14.559219
1196,75.45184
1197,71.52401
1198,14.553783
1199,70.3747
1200,73.7498
1201,70.916916
1202,64.383125
1203,15.560579
1204,93.50832
1205,75.116356
1206,14.561937
1207,18.58138
1208,72.13413
1209,19.598877
1210,73.10639
1211,15.58215
1212,74.013985
1213,73.79252
1214,70.69894
1215,16.572813
1216,71.36632
1217,67.48535
1218,72.711845
1219,70.36461
1220,17.590895
1221,66.25057
1222,13.566014
1223,14.540194
1224,14.575528
1225,68.93726
1226,72.247185
1227,70.94262
1228,67.27397
1229,71.911575
1230,69.372986
1231,67.93841
1232,70.36965
1233,68.70854
1234,72.62158
1235,70.36461
1236,16.545631
1237,16.572813
1238,73.7265
1239,73.78745
1240,75.53181
1241,76.05837
1242,70.04247
1243,16.572638
1244,68.940125
1245,16.572638
1246,15.560579
1247,22.44805
1248,70.24228
1249,16.583511
1250,68.81424
1251,70.723915
1252,68.32713
1253,76.440186
1254,66.79408
1255,67.92831
1256,71.14594
1257,73.23376
1258,69.2471
1259,69.03572
1260,65.18504
1261,72.42678
1262,71.12315
1263,72.68511
1264,74.35631
1265,70.45365
1266,75.13723
1267,61.38303
1268,15.574169
1269,17.588175
1270,93.77867
1271,68.38138
1272,15.552425
1273,14.564656
1274,67.4771
1275,14.570092
1276,71.25362
1277,73.03193
1278,14.556502
1279,70.45365
1280,70.2589
1281,68.79761
1282,14.561937
1283,67.9146
1284,73.13018
1285,17.63149
1286,15.595914
1287,69.695114
1288,94.97296
1289,14.572809
1290,15.546989
1291,16.60584
1292,71.255585
1293,64.95347
1294,92.81606
1295,17.552427
1296,77.1513
1297,16.578247
1298,65.50717
1299,72.50839
1300,15.571452
1301,17.563128
1302,73.57609
1303,16.613995
1304,18.600407
1305,68.35229
1306,67.15313
1307,74.77083
1308,68.67171
1309,68.27569
1310,14.556502
1311,17.599049
1312,16.588947
1313,74.97791
1314,16.575531
1315,70.2959
1316,69.15151
1317,67.37461
1318,71.57089
1319,15.555143
1320,15.587587
1321,72.01561
1322,71.656654
1323,18.589535
1324,15.574169
1325,16.578661
1326,74.13954
1327,15.563297
1328,67.452126
1329,72.31461
1330,19.4261
1331,70.36965
1332,68.655266
1333,18.441187
1334,72.286064
1335,70.25387
1336,73.5443
1337,66.166565
1338,71.69855
1339,75.56436
1340,67.379654
1341,69.60962
1342,19.474556
1343,66.93165
1344,16.589533
1345,71.57395
1346,17.596329
1347,66.72027
1348,16.597687
1349,72.01561
1350,71.02251
1351,18.479246
1352,71.88319
1353,71.38147
1354,69.705215
1355,101.78042
1356,16.591667
1357,66.58593
1358,67.93336
1359,72.46867
1360,18.624868
1361,71.96152
1362,64.84778
1363,94.78663
1364,68.58622
1365,73.133354
1366,75.620865
1367,67.15313
1368,68.6934
1369,74.19865
1370,74.57275
1371,67.31778
1372,72.36298
1373,68.08722
1374,15.563297
1375,15.536118
1376,69.82606
1377,21.457561
1378,68.4365
1379,18.59769
1380,77.13027
1381,63.612988
1382,14.540194
1383,13.563296
1384,70.58105
1385,19.60992
1386,70.14817
1387,72.01976
1388,16.54835
1389,74.04614
1390,64.810936
1391,74.23042
1392,15.549706
1393,70.15206
1394,73.243866
1395,15.614767
1396,67.37461
1397,17.607027
1398,71.01895
1399,72.802055
1400,72.33631
1401,66.8411
1402,95.58853
1403,23.454847
1404,17.577303
1405,17.57689
1406,70.81262
1407,16.559223
1408,99.31504
1409,69.2774
1410,71.03915
1411,67.4904
1412,69.267296
1413,15.56856
1414,66.81438
1415,69.46353
1416,71.79265
1417,14.561937
1418,16.580793
1419,73.44665
1420,69.45194
1421,15.544271
1422,74.557594
1423,73.5443
1424,69.67342
1425,71.77245
1426,18.436733
1427,75.742386
1428,66.42027
1429,18.59497
1430,73.18962
1431,68.21775
1432,68.108376
1433,71.414635
1434,14.537475
1435,19.476042
1436,72.289635
1437,17.595743
1438,68.07391
1439,63.403103
1440,68.55918
1441,74.752335
1442,73.84588
1443,18.439701
1444,72.4369
1445,72.906586
1446,15.585042
1447,67.03733
1448,15.593608
1449,71.34612
1450,72.36117
1451,15.574169
1452,18.57808
1453,71.80424
1454,15.56856
1455,73.02238
1456,73.33945
1457,68.37633
1458,72.57437
1459,69.91659
1460,70.5644
1461,75.09405
1462,70.12709
1463,69.48878
1464,73.03247
1465,76.307755
1466,72.70026
1467,16.570093
1468,14.575528
1469,68.82939
1470,68.28075
1471,75.52059
1472,17.579609
1473,71.14484
1474,15.549534
1475,17.607203
1476,16.591667
1477,69.91154
1478,67.79588
1479,66.83101
1480,16.59982
1481,65.08634
1482,79.4873
1483,17.590721
1484,72.289635
1485,64.072586
1486,74.41773
1487,95.62596
1488,16.572813
1489,66.72532
1490,74.31058
1491,70.89662
1492,19.628777
1493,15.549706
1494,20.472836
1495,72.49355
1496,17.607027
1497,66.92512
1498,16.561766
1499,73.380745
1500,64.71535
1501,67.010605
1502,76.90389
1503,69.4342
1504,17.563301
1505,15.557861
1506,15.557861
1507,14.567374
1508,73.44366
1509,72.68511
1510,70.22208
1511,71.67181
1512,19.429071
1513,65.401474
1514,18.597517
1515,70.24376
1516,16.597687
1517,71.549484
1518,74.008934
1519,61.867878
1520,89.04551
1521,16.600405
1522,74.880196
1523,15.555143
1524,17.593437
1525,15.544271
1526,72.81536
1527,75.01455
1528,18.444155
1529,15.563297
1530,69.03572
1531,66.488686
1532,70.21149
1533,74.008934
1534,15.546989
1535,71.577705
1536,17.609919
1537,17.588003
1538,16.570093
1539,69.47084
1540,70.80253
1541,70.70693
1542,71.69855
1543,67.635994
1544,76.04949
1545,68.7035
1546,73.69692
1547,17.595743
1548,70.983635
1549,67.83272
1550,66.277306
1551,66.72027
1552,68.81424
1553,68.487076
1554,17.601765
1555,69.262245
1556,17.587763
1557,68.49211
1558,65.95013
1559,18.603125
1560,65.264
1561,74.668846
1562,17.571455
1563,66.055824
1564,17.590895
1565,70.236465
1566,75.65342
1567,15.560579
1568,72.23021
1569,15.571279
1570,21.439932
1571,17.582153
1572,67.02575
1573,15.560579
1574,71.22885
1575,66.17667
1576,67.02575
1577,66.594376
1578,75.56144
1579,73.539246
1580,18.447124
1581,14.553783
1582,67.384705
1583,69.03334
1584,19.49089
1585,71.683395
1586,79.55091
1587,65.517265
1588,70.35101
1589,14.551065
1590,69.03572
1591,69.92669
1592,16.581379
1593,16.55633
1594,71.02905
1595,16.578075
1596,63.94149
1597,14.548174
1598,71.00736
1599,66.94175
1600,65.29073
1601,15.538662
1602,67.27397
1603,72.57437
1604,16.591839
1605,65.49201
1606,15.573997
1607,71.88824
1608,15.555143
1609,69.9965
1610,71.245476
1611,16.567375
1612,69.473625
1613,16.597273
1614,64.726944
1615,66.171616
1616,15.571279
1617,16.578247
1618,69.15656
1619,66.06593
1620,14.575528
1621,68.576126
1622,16.553785
1623,74.696754
1624,15.568734
1625,67.71188
1626,71.59892
1627,15.563297
1628,14.553783
1629,16.564657
1630,94.05326
1631,69.700165
1632,77.63754
1633,71.58726
1634,70.66505
1635,13.576886
1636,14.594554
1637,69.56773
1638,15.585042
1639,73.217125
1640,16.583511
1641,16.575531
1642,72.23021
1643,18.589363
1644,69.23551
1645,15.58776
1646,70.59619
1647,74.17401
1648,67.452126
1649,15.574169
1650,69.47633
1651,74.6517
1652,69.93175
1653,66.13477
1654,71.233894
1655,20.594799
1656,71.45538
1657,72.22046
1658,16.597687
1659,13.5497055
1660,64.810936
1661,68.70854
1662,71.33454
1663,70.80757
1664,69.3513
1665,64.731995
1666,69.378044
1667,15.565843
1668,74.005196
1669,15.565843
1670,15.582324
1671,71.01895
1672,66.93016
1673,74.78918
1674,17.587763
1675,18.611107
1676,72.1415
1677,68.35464
1678,16.556501
1679,75.75659
1680,72.23709
1681,14.583682
1682,19.424616
1683,20.46838
1684,65.92993
1685,17.609745
1686,17.546993
1687,15.552425
1688,71.34463
1689,69.257195
1690,71.90992
1691,67.39481
1692,69.13487
1693,15.58776
1694,14.5456295
1695,64.414566
1696,24.480495
1697,72.93716
1698,63.735317
1699,70.650246
1700,76.271286
1701,73.44366
1702,68.71865
1703,90.97343
1704,17.618073
1705,80.373985
1706,66.93669
1707,75.667595
1708,69.93331
1709,70.2589
1710,69.92669
1711,72.44193
1712,71.149895
1713,70.375565
1714,67.911674
1715,15.568734
1716,76.764565
1717,73.323975
1718,71.77245
1719,67.04744
1720,17.588175
1721,75.1879
1722,68.71865
1723,93.81415
1724,64.8346
1725,15.552425
1726,15.552425
1727,15.549706
1728,73.34955
1729,15.601763
1730,63.29236
1731,68.91488
1732,14.559219
1733,19.43501
1734,74.4427
1735,16.556501
1736,72.4369
1737,67.37461
1738,15.585042
1739,72.145805
1740,69.47868
1741,69.589424
1742,89.600006
1743,71.71874
1744,66.05078
1745,16.564657
1746,16.597273
1747,72.88996
1748,16.602535
1749,65.27053
1750,13.566014
1751,70.648994
1752,73.1542
1753,69.372986
1754,66.68649
1755,14.572809
1756,17.427427
1757,70.576
1758,71.23294
1759,65.37398
1760,16.572638
1761,16.575531
1762,74.008934
1763,20.450766
1764,64.40986
1765,91.00621
1766,17.59361
1767,74.43103
1768,70.69178
1769,72.53936
1770,16.551067
1771,66.71522
1772,14.575528
1773,76.20712
1774,68.14979
1775,15.203688
1776,68.108376
1777,67.606186
1778,72.46363
1779,75.30357
1780,15.566015
1781,15.590305
1782,14.531866
1783,69.04077
1784,65.82424
1785,70.02732
1786,79.639206
1787,15.557688
1788,17.604311
1789,15.571452
1790,96.89371
1791,63.718678
1792,17.552427
1793,70.81262
1794,72.93716
1795,72.478775
1796,67.58647
1797,69.13636
1798,16.553785
1799,16.559223
1800,69.03334
1801,68.58622
1802,16.553785
1803,71.54898
1804,68.255486
1805,68.92498
1806,73.82435
1807,17.596329
1808,16.600405
1809,68.89824
1810,70.55936
1811,66.27396
1812,67.93336
1813,15.566015
1814,73.89315
1815,69.38644
1816,72.58952
1817,65.406525
1818,13.574168
1819,74.59035
1820,71.255585
1821,17.604311
1822,68.79255
1823,74.22537
1824,14.575528
1825,17.57689
1826,19.601595
1827,15.557688
1828,73.18962
1829,70.78083
1830,67.606186
1831,69.59952
1832,66.38805
1833,16.561766
1834,73.64999
1835,73.433556
1836,69.04077
1837,68.79255
1838,61.978622
1839,68.92498
1840,15.579606
1841,78.739
1842,14.553783
1843,16.564486
1844,16.553785
1845,74.855225
1846,63.97196
1847,72.01146
1848,75.59604
1849,17.588175
1850,67.71188
1851,73.12348
1852,70.15829
1853,18.567617
1854,71.02905
1855,66.171616
1856,69.702896
1857,66.94679
1858,71.93517
1859,66.93165
1860,72.42399
1861,73.10134
1862,75.670815
1863,70.2959
1864,62.748756
1865,67.93841
1866,73.4603
1867,75.208336
1868,68.7035
1869,68.60286
1870,78.01288
1871,70.68168
1872,67.606186
1873,78.640465
1874,67.05249
1875,18.444155
1876,69.34625
1877,69.362885
1878,65.48335
1879,72.65838
1880,69.815956
1881,95.56292
1882,21.463
1883,65.79245
1884,68.14979
1885,64.83768
1886,70.2589
1887,17.571281
1888,18.600235
1889,67.80522
1890,93.161964
1891,71.461914
1892,17.58002
1893,69.705215
1894,16.591839
1895,67.14659
1896,15.549534
1897,16.588947
1898,14.559219
1899,15.541553
1900,69.8109
1901,65.37398
1902,15.590478
1903,68.94893
1904,69.161606
1905,72.25729
1906,96.253914
1907,69.589424
1908,71.577705
1909,16.553785
1910,66.37777
1911,17.582739
1912,71.11306
1913,14.567374
1914,73.5443
1915,64.510506
1916,69.36794
1917,69.66332
1918,69.42089
1919,66.70512
1920,65.401474
1921,17.582565
1922,78.87143
1923,66.166565
1924,16.575357
1925,68.37633
1926,68.26559
1927,68.38643
1928,18.616543
1929,63.518894
1930,68.46147
1931,16.575943
1932,70.35302
1933,72.91669
1934,69.93175
1935,17.604311
1936,17.584871
1937,68.83955
1938,72.802055
1939,67.48535
1940,70.92336
1941,16.540194
1942,71.461914
1943,67.918205
1944,70.69178
1945,15.552253
1946,75.97049
1947,75.78018
1948,70.80253
1949,75.88648
1950,74.09296
1951,69.72036
1952,68.1281
1953,13.563296
1954,72.25224
1955,75.77574
1956,62.074207
1957,14.556328
1958,69.00836
1959,18.441187
1960,69.262245
1961,71.89833
1962,68.826294
1963,73.34955
1964,68.68023
1965,66.1396
1966,68.66856
1967,66.80932
1968,68.61295
1969,15.546989
1970,71.05205
1971,69.372986
1972,73.79975
1973,72.67353
1974,73.055275
1975,76.936676
1976,68.40158
1977,71.54898
1978,68.35464
1979,16.583683
1980,68.7136
1981,72.67353
1982,68.08562
1983,68.83955
1984,13.57145
1985,17.394564
1986,71.88319
1987,70.16537
1988,74.636475
1989,14.551065
1990,72.91143
1991,71.02905
1992,69.38644
1993,16.572638
1994,69.49383
1995,77.45389
1996,16.578661
1997,65.29073
1998,17.569149
1999,72.26848
2000,14.575528
2001,18.622152
2002,70.987465
2003,66.62705
2004,66.371666
2005,64.627525
2006,75.342674
2007,72.91901
2008,73.222176
2009,16.589533
2010,16.559223
2011,72.69419
2012,15.555143
2013,21.465715
2014,18.63285
2015,92.61266
2016,66.05078
2017,66.83606
2018,67.79588
2019,74.134834
2020,15.56856
2021,72.364555
2022,70.67514
2023,75.87789
2024,68.007256
2025,70.35956
2026,67.500496
2027,16.580965
2028,73.10639
2029,75.402115
2030,70.79747
2031,18.586817
2032,70.36965
2033,20.453484
2034,66.161514
2035,73.10639
2036,67.79588
2037,15.571452
2038,70.14311
2039,71.06153
2040,71.683395
2041,19.615185
2042,15.555143
2043,70.14311
2044,72.906586
2045,15.571452
2046,77.390144
2047,68.55918
2048,14.564656
2049,71.571175
2050,67.60114
2051,72.10972
2052,16.564657
2053,72.02067
2054,16.575357
2055,70.0107
2056,70.286415
2057,69.498886
2058,74.218834
2059,74.5225
2060,66.3931
2061,72.80661
2062,16.54835
2063,68.39652
2064,16.548176
2065,69.92669
2066,66.73251
2067,67.04239
2068,70.505165
2069,69.48878
2070,69.74902
2071,16.580793
2072,70.27558
2073,71.81433
2074,18.613827
2075,15.58215
2076,69.589424
2077,14.559219
2078,67.46366
2079,19.612638
2080,65.406525
2081,15.563125
2082,15.557861
2083,65.60781
2084,18.605844
2085,16.553785
2086,17.443861
2087,70.23217
2088,73.57277
2089,17.58002
2090,18.448612
2091,74.48097
2092,70.719185
2093,23.468264
2094,19.43501
2095,70.78083
2096,72.12083
2097,15.557861
2098,16.572813
2099,73.40838
2100,66.93669
2101,15.555143
2102,68.37633
2103,70.67009
2104,75.34793
2105,70.25387
2106,73.10522
2107,15.544271
2108,73.08025
2109,69.34625
2110,72.39902
2111,67.72198
2112,68.466866
2113,68.05421
2114,71.245476
2115,16.556501
2116,73.655045
2117,72.45857
2118,17.582739
2119,73.99231
2120,68.49211
2121,17.563301
2122,18.586233
2123,68.32713
2124,15.555143
2125,67.4904
2126,20.457985
2127,72.705986
2128,15.560579
2129,72.35288
2130,68.89899
2131,19.43798
2132,68.59781
2133,70.4804
2134,72.14655
2135,16.56194
2136,69.36794
2137,14.559219
2138,17.427427
2139,67.71188
2140,73.51775
2141,67.27397
2142,73.50608
2143,15.573997
2144,16.53476
2145,73.26985
2146,71.233894
2147,68.46538
2148,70.35808
2149,72.02067
2150,76.423546
2151,71.21369
2152,70.02584
2153,70.6623
2154,15.552425
2155,74.24052
2156,67.81757
2157,69.93331
2158,69.22037
2159,70.91831
2160,95.06038
2161,16.583511
2162,14.583509
2163,73.6654
2164,15.568734
2165,65.50265
2166,15.555143
2167,69.34625
2168,73.133125
2169,69.685005
2170,67.31945
2171,76.43644
2172,63.18667
2173,16.602535
2174,68.164955
2175,73.77083
2176,75.21045
2177,101.9945
2178,15.563297
2179,15.566015
2180,16.578075
2181,71.79413
2182,18.562355
2183,74.35357
2184,71.034096
2185,68.68181
2186,13.579605
2187,16.553612
2188,71.22885
2189,13.574168
2190,70.78083
2191,70.26397
2192,75.34793
2193,69.22711
2194,70.53962
2195,66.50384
2196,71.46043
2197,68.82434
2198,74.102905
2199,69.35784
2200,73.27783
2201,71.1181
2202,74.42516
2203,70.12144
2204,18.592253
2205,69.14646
2206,67.09902
2207,17.421951
2208,72.57942
2209,65.06926
2210,70.68674
2211,16.56194
2212,71.11306
2213,70.45871
2214,72.66343
2215,71.33454
2216,13.568732
2217,68.37633
2218,16.556501
2219,16.572638
2220,75.09467
2221,63.75047
2222,63.18667
2223,73.67707
2224,18.58138
2225,17.612465
2226,14.564656
2227,92.83748
2228,72.49006
2229,73.20702
2230,70.35302
2231,70.69178
2232,74.83947
2233,20.600235
2234,70.4804
2235,16.572638
2236,61.963467
2237,63.718678
2238,73.29445
2239,69.789215
2240,67.9146
2241,69.262245
2242,72.469894
2243,64.15659
2244,16.586815
2245,17.57689
2246,73.36471
2247,65.17495
2248,67.93841
2249,67.53653
2250,62.844345
2251,64.19344
2252,70.4804
2253,15.582324
2254,18.592253
2255,65.822754
2256,69.5897
2257,72.901535
2258,71.212265
2259,96.37199
2260,69.8109
2261,70.92336
2262,70.91831
2263,71.54898
2264,15.574169
2265,64.726944
2266,72.23021
2267,68.0441
2268,70.89662
2269,72.66343
2270,15.580018
2271,72.0257
2272,66.58784
2273,15.571452
2274,70.359146
2275,69.93331
2276,71.08651
2277,67.379654
2278,68.012314
2279,70.80757
2280,70.69683
2281,73.94167
2282,65.82424
2283,15.598459
2284,70.70188
2285,66.15646
2286,72.13646
2287,15.579606
2288,73.55603
2289,15.544271
2290,73.69188
2291,15.563297
2292,66.92006
2293,68.364746
2294,17.582325
2295,67.82262
2296,69.13487
2297,71.250534
2298,68.03756
2299,72.906586
2300,17.585045
2301,73.736496
2302,69.92164
2303,68.37128
2304,100.305954
2305,68.35464
2306,14.551065
2307,16.575531
2308,70.67009
2309,18.60856
2310,69.5053
2311,14.575528
2312,17.596155
2313,17.421951
2314,15.579433
2315,17.560583
2316,70.005646
2317,73.01228
2318,69.092766
2319,69.94714
2320,73.47162
2321,70.35808
2322,20.441648
2323,67.38103
2324,66.73037
2325,65.190414
2326,14.567374
2327,15.573997
2328,64.95852
2329,67.2993
2330,72.79585
2331,70.80253
2332,62.310844
2333,70.91326
2334,66.1396
2335,65.06926
2336,68.28075
2337,73.69037
2338,67.9279
2339,67.15817
2340,71.69348
2341,70.465256
2342,14.53204
2343,16.572813
2344,17.58002
2345,15.560579
2346,14.580964
2347,69.47868
2348,67.500496
2349,64.93975
2350,74.76244
2351,61.19334
2352,68.04916
2353,69.39592
2354,16.54835
2355,97.92457
2356,71.502396
2357,18.59769
2358,68.26559
2359,71.273674
2360,67.384705
2361,64.63134
2362,16.578247
2363,15.590478
2364,17.596329
2365,68.7237
2366,14.580964
2367,70.56459
2368,71.91496
2369,67.34275
2370,66.43327
2371,15.574169
2372,65.83646
2373,66.28235
2374,95.38276
2375,74.456955
2376,17.566017
2377,70.430244
2378,72.24214
2379,18.600407
2380,65.60673
2381,72.210365
2382,72.75211
2383,15.557861
2384,68.04916
2385,21.452126
2386,66.61458
2387,67.61124
2388,19.430555
2389,71.87711
2390,70.466774
2391,14.583682
2392,69.47868
2393,74.74586
2394,17.574585
2395,72.12083
2396,72.145805
2397,71.90359
2398,67.473755
2399,64.59956
2400,69.03572
2401,17.579435
2402,73.980225
2403,16.556501
2404,70.3747
2405,69.92164
2406,69.546875
2407,70.70188
2408,16.56992
2409,69.8949
2410,67.16828
2411,14.550893
2412,69.15656
2413,18.61926
2414,67.72198
2415,19.604313
2416,76.42268
2417,79.640884
2418,68.04916
2419,67.645905
2420,74.93963
2421,17.596329
2422,72.509964
2423,76.97215
2424,71.00231
2425,68.15484
2426,69.92164
2427,65.05916
2428,15.56856
2429,14.580964
2430,18.447124
2431,61.51546
2432,62.411484
2433,68.248955
2434,70.69178
2435,69.483734
2436,67.61144
2437,70.69178
2438,72.09962
2439,15.573997
2440,71.68333
2441,69.82101
2442,14.567374
2443,71.64669
2444,71.034096
2445,69.59952
2446,66.377945
2447,72.78575
2448,15.560579
2449,71.5878
2450,62.738655
2451,70.03744
2452,69.27706
2453,72.54667
2454,19.436497
2455,65.95013
2456,64.183334
2457,70.46852
2458,66.02303
2459,67.04744
2460,15.563297
2461,16.578247
2462,67.27397
2463,69.49383
2464,14.556502
2465,15.571452
2466,69.700165
2467,69.04077
2468,17.582739
2469,15.607199
2470,68.89899
2471,70.00059
2472,65.28569
2473,70.26902
2474,15.579433
2475,16.545631
2476,17.555147
2477,18.613827
2478,66.71522
2479,72.47373
2480,15.574169
2481,66.72532
2482,17.585457
2483,17.63149
2484,75.42073
2485,19.43501
2486,69.02166
2487,19.604485
2488,14.589118
2489,18.600407
2490,69.60457
2491,15.579433
2492,18.583513
2493,69.92669
2494,67.384705
2495,67.71188
2496,70.11639
2497,14.5807905
2498,68.26559
2499,16.630302
2500,18.586817
2501,16.570093
2502,66.487206
2503,14.570092
2504,69.63964
2505,70.10212
2506,16.56992
2507,67.495445
2508,65.82478
2509,72.69472
2510,68.26559
2511,65.05916
2512,19.59633
2513,66.260666
2514,13.54427
2515,63.619526
2516,66.94679
2517,67.279015
2518,75.31584
2519,64.94842
2520,69.058304
2521,68.46033
2522,69.2774
2523,67.24217
2524,72.55268
2525,16.56194
2526,17.599049
2527,69.262245
2528,67.35797
2529,71.577705
2530,71.14173
2531,18.592253
2532,74.78414
2533,71.212265
2534,71.88319
2535,18.575771
2536,66.49271
2537,15.571452
2538,68.18329
2539,69.04077
2540,65.39643
2541,15.58776
2542,16.548176
2543,75.620865
2544,17.563128
2545,66.51394
2546,72.11476
2547,15.576888
2548,71.48955
2549,72.87481
2550,72.02067
2551,74.198975
2552,69.13636
2553,72.09261
2554,16.550896
2555,78.267456
2556,73.57609
2557,67.36807
2558,15.552425
2559,62.933395
2560,20.586645
2561,69.05087
2562,13.576886
2563,67.56935
2564,65.955185
2565,70.70693
2566,74.11457
2567,74.53591
2568,72.3413
2569,72.8849
2570,68.73967
2571,75.90286
2572,68.71865
2573,18.44267
2574,71.577705
2575,15.579606
2576,69.92164
2577,65.06926
2578,18.602953
2579,69.23551
2580,69.57278
2581,12.548346
2582,17.618073
2583,69.589424
2584,75.70527
2585,69.8109
2586,17.579435
2587,68.17
2588,70.53962
2589,70.4703
2590,67.15313
2591,67.05249
2592,72.247185
2593,69.04077
2594,14.570092
2595,15.604481
2596,16.586815
2597,64.51556
2598,68.49211
2599,67.921776
2600,14.561937
2601,72.26848
2602,15.552425
2603,74.56538
2604,13.590476
2605,63.956806
2606,16.561766
2607,71.259125
2608,15.555143
2609,71.48211
2610,72.19471
2611,16.575531
2612,19.588005
2613,71.64669
2614,66.698586
2615,69.77911
2616,67.59609
2617,16.559223
2618,72.55268
2619,72.77416
2620,18.61926
2621,66.84616
2622,67.427155
2623,71.14484
2624,70.03744
2625,68.04916
2626,67.27397
2627,68.233795
2628,20.62198
2629,69.498886
2630,67.23713
2631,15.568734
2632,69.02918
2633,62.854446
2634,16.580965
2635,64.6263
2636,15.560579
2637,17.563713
2638,16.594969
2639,69.93331
2640,70.69683
2641,67.95356
2642,67.16323
2643,74.21379
2644,73.71534
2645,74.433525
2646,70.59114
2647,71.86422
2648,14.540194
2649,15.566015
2650,70.22208
2651,73.655045
2652,13.5497055
2653,16.564657
2654,17.566431
2655,14.561937
2656,71.1398
2657,14.559219
2658,67.94346
2659,14.548347
2660,67.495445
2661,75.02076
2662,16.537477
2663,18.603125
2664,70.23217
2665,76.05837
2666,71.250534
2667,15.565843
2668,69.262245
2669,64.95347
2670,18.613998
2671,73.67707
2672,71.90488
2673,67.473755
2674,74.24052
2675,15.568734
2676,68.49211
2677,74.50213
2678,71.46548
2679,71.45686
2680,17.590721
2681,74.39276
2682,72.86149
2683,16.564657
2684,68.535225
2685,73.09629
2686,15.571452
2687,15.585042
2688,16.564657
2689,72.364555
2690,15.571452
2691,77.748436
2692,73.298996
2693,68.1599
2694,70.80449
2695,18.59497
2696,68.59781
2697,17.549536
2698,69.267296
2699,69.311516
2700,66.61458
2701,25.46572
2702,17.57689
2703,66.79922
2704,67.17333
2705,16.575531
2706,72.54667
2707,70.34584
2708,14.548347
2709,72.705986
2710,15.560579
2711,73.542725
2712,71.69855
2713,16.551067
2714,68.82434
2715,16.586227
2716,17.579435
2717,71.35622
2718,71.90737
2719,68.60791
2720,66.73037
2721,69.683525
2722,67.31778
2723,68.15484
2724,18.603125
2725,70.03238
2726,73.79757
2727,72.09586
2728,75.123924
2729,71.00231
2730,15.579606
2731,67.37461
2732,14.551065
2733,70.02732
2734,71.57622
2735,72.10972
2736,15.555143
2737,71.81768
2738,75.116356
2739,69.70114
2740,69.092766
2741,67.701775
2742,67.82262
2743,15.560579
2744,68.24389
2745,71.45538
2746,65.612854
2747,76.53428
2748,71.02905
2749,71.134735
2750,23.47642
2751,16.586403
2752,70.90821
2753,65.93498
2754,68.59781
2755,18.567791
2756,75.200356
2757,76.39477
2758,74.880196
2759,16.559048
2760,18.611107
2761,19.430555
2762,16.556501
2763,69.9965
2764,70.71198
2765,15.544099
2766,68.49717
2767,74.456
2768,74.58654
2769,15.58776
2770,71.472
2771,69.0811
2772,69.262245
2773,73.13018
2774,70.88148
2775,17.560583
2776,67.19891
2777,70.26144
2778,73.94167
2779,15.58215
2780,66.166565
2781,69.80585
2782,17.596329
2783,69.688576
2784,62.743706
2785,68.59781
2786,72.38267
2787,73.380745
2788,16.594969
2789,72.97088
2790,69.3513
2791,69.3412
2792,17.571281
2793,15.593022
2794,71.87711
2795,69.59351
2796,93.491234
2797,14.561937
2798,15.571452
2799,68.04916
2800,15.571452
2801,73.133125
2802,69.710266
2803,75.78018
2804,70.80757
2805,78.65267
2806,71.54591
2807,72.93302
2808,65.37475
2809,65.18
2810,75.00561
2811,70.942665
2812,17.588175
2813,73.450195
2814,69.14141
2815,72.3312
2816,68.69353
2817,70.44355
2818,73.380745
2819,70.4804
2820,93.1914
2821,70.68019
2822,73.12807
2823,67.606186
2824,19.598877
2825,17.579435
2826,19.43798
2827,15.595914
2828,68.49211
2829,18.435246
2830,76.19272
2831,15.546989
2832,17.615181
2833,69.267296
2834,69.03572
2835,71.1398
2836,72.88646
2837,72.4369
2838,74.005196
2839,68.270645
2840,17.601591
2841,67.6592
2842,15.541553
2843,14.556502
2844,69.257195
2845,69.60457
2846,72.04973
2847,17.427427
2848,70.673965
2849,71.02905
2850,61.525555
2851,16.540022
2852,72.45353
2853,62.859497
2854,74.678444
2855,66.171616
2856,73.00723
2857,67.500496
2858,18.548178
2859,71.79918
2860,66.69979
2861,68.254
2862,20.421412
2863,70.4804
2864,75.054695
2865,67.279015
2866,17.596329
2867,72.215744
2868,69.267296
2869,15.566015
2870,70.15322
2871,17.604311
2872,66.50889
2873,68.81928
2874,70.69159
2875,69.8109
2876,14.567201
2877,73.118515
2878,68.48202
2879,67.183426
2880,12.561936
2881,61.52051
2882,16.572638
2883,69.789215
2884,68.89824
2885,24.47506
2886,74.551056
2887,17.416473
2888,70.59114
2889,70.0107
2890,70.78588
2891,64.493866
2892,74.78414
2893,70.04753
2894,22.458921
2895,96.979
2896,71.69855
2897,16.619432
2898,70.70188
2899,69.487236
2900,73.98725
2901,15.574169
2902,74.23725
2903,72.44193
2904,67.15817
2905,16.581379
2906,74.66145
2907,70.673965
2908,76.09133
2909,71.414635
2910,73.59267
2911,14.553783
2912,15.574169
2913,15.552425
2914,18.603125
2915,66.05078
2916,15.56856
2917,74.47199
2918,15.541553
2919,15.557861
2920,71.572655
2921,16.556501
2922,68.7136
2923,15.566015
2924,68.93002
2925,68.74347
2926,18.457521
2927,19.468616
2928,14.553783
2929,70.02228
2930,69.46858
2931,66.37777
2932,72.777084
2933,16.608559
2934,16.553785
2935,66.50384
2936,16.589533
2937,74.9661
2938,69.555244
2939,66.03919
2940,66.47205
2941,72.25518
2942,74.09909
2943,67.72198
2944,13.566014
2945,61.614613
2946,90.79352
2947,67.606186
2948,66.267204
2949,66.43826
2950,74.13478
2951,69.57783
2952,16.589533
2953,71.24583
2954,68.26559
2955,66.05078
2956,69.13104
2957,71.83825
2958,66.272255
2959,74.26222
2960,68.164955
2961,73.25287
2962,16.553612
2963,15.555143
2964,17.58002
2965,69.82606
2966,73.761475
2967,13.574168
2968,74.20874
2969,70.04247
2970,73.78745
2971,72.12083
2972,72.86149
2973,74.66145
2974,74.53591
2975,66.245514
2976,15.563297
2977,72.98555
2978,18.59497
2979,71.245476
2980,70.92336
2981,70.68674
2982,71.255585
2983,64.28901
2984,67.93336
2985,70.78335
2986,15.546989
2987,71.46548
2988,67.502914
2989,77.08103
2990,69.24041
2991,61.30913
2992,72.13646
2993,15.573997
2994,15.555143
2995,68.655266
2996,96.19284
2997,17.497301
2998,17.49452
2999,64.267334
3000,14.591836
3001,69.91659
3002,19.432043
3003,16.540022
3004,19.424616
3005,70.23723
3006,68.255486
3007,66.74046
3008,65.95013
3009,73.00723
3010,16.56992
3011,72.49067
3012,68.98339
3013,69.483734
3014,65.15831
3015,70.2589
3016,74.13478
3017,17.55769
3018,66.245514
3019,69.46858
3020,68.81424
3021,70.29971
3022,17.59361
3023,71.22885
3024,67.48535
3025,16.594383
3026,15.563297
3027,67.16828
3028,70.60287
3029,67.97403
3030,64.28901
3031,72.91165
3032,14.550893
3033,72.24214
3034,15.573997
3035,70.83185
3036,65.28569
3037,70.68727
3038,71.2238
3039,69.03572
3040,16.600405
3041,69.48878
3042,16.616713
3043,15.568734
3044,73.4603
3045,14.570092
3046,13.555142
3047,73.59267
3048,71.86095
3049,70.03238
3050,73.542725
3051,67.39481
3052,73.428505
3053,71.11147
3054,67.340645
3055,18.454552
3056,71.35622
3057,67.77076
3058,68.059265
3059,68.039055
3060,19.598877
3061,67.4904
3062,70.33787
3063,59.52718
3064,70.90602
3065,64.367966
3066,73.43861
3067,68.1599
3068,18.605844
3069,69.378044
3070,16.337467
3071,67.94346
3072,71.92705
3073,15.557861
3074,20.421412
3075,73.69188
3076,16.586403
3077,76.6552
3078,68.93002
3079,15.560579
3080,71.450325
3081,70.87642
3082,16.583683
3083,72.415436
3084,15.579606
3085,65.50717
3086,69.05087
3087,69.889854
3088,72.61777
3089,19.4701
3090,70.44355
3091,18.583925
3092,64.642426
3093,73.8982
3094,68.14326
3095,70.35302
3096,66.61458
3097,65.37475
3098,66.60953
3099,67.427155
3100,72.34783
3101,16.531868
3102,18.564487
3103,74.26786
3104,16.56992
3105,68.571075
3106,72.1314
3107,15.585042
3108,69.773994
3109,69.2774
3110,66.83101
3111,14.569919
3112,15.585454
3113,15.571452
3114,73.2146
3115,16.559048
3116,73.68178
3117,73.000694
3118,69.584366
3119,62.074207
3120,63.376358
3121,18.43079
3122,72.66343
3123,68.37128
3124,68.26559
3125,70.733406
3126,73.2146
3127,70.04247
3128,72.800896
3129,71.658356
3130,72.15667
3131,70.91326
3132,18.622152
3133,75.45363
3134,17.587587
3135,94.59043
3136,70.69894
3137,16.548176
3138,69.59952
3139,72.40283
3140,69.60519
3141,14.53204
3142,70.23871
3143,18.583513
3144,64.062485
3145,73.6521
3146,16.55633
3147,70.11639
3148,16.570093
3149,71.472
3150,18.592253
3151,69.8008
3152,71.56612
3153,73.08025
3154,70.46376
3155,68.60791
3156,23.47642
3157,75.35598
3158,70.017715
3159,16.54835
3160,69.161606
3161,65.87887
3162,75.75522
3163,71.024
3164,14.559219
3165,17.574
3166,72.584465
3167,75.75406
3168,69.3513
3169,22.456203
3170,75.99069
3171,73.69037
3172,13.5524235
3173,71.77245
3174,69.25208
3175,71.33454
3176,69.27235
3177,70.017715
3178,18.586645
3179,73.56599
3180,17.582739
3181,96.74016
3182,71.44022
3183,67.92831
3184,15.579606
3185,73.34894
3186,15.555143
3187,18.567205
3188,18.564487
3189,66.92006
3190,15.549706
3191,68.82434
3192,72.33631
3193,67.384705
3194,75.90286
3195,14.559219
3196,16.572638
3197,74.06463
3198,69.78729
3199,73.0907
3200,14.572637
3201,16.583683
3202,65.06421
3203,74.0185
3204,69.13636
3205,71.01895
3206,70.04269
3207,71.14484
3208,69.257195
3209,73.23957
3210,70.13658
3211,18.613998
3212,64.4853
3213,17.563301
3214,72.23204
3215,18.59769
3216,73.118515
3217,72.583305
3218,16.567375
3219,65.71201
3220,66.62468
3221,16.575531
3222,74.010666
3223,98.16341
3224,16.56992
3225,17.554974
3226,67.58955
3227,17.584871
3228,15.568734
3229,66.930214
3230,69.678474
3231,16.567375
3232,70.04753
3233,14.551065
3234,16.616713
3235,16.570093
3236,15.557861
3237,73.79757
3238,71.08651
3239,15.603895
3240,68.21775
3241,68.022415
3242,68.655266
3243,17.563128
3244,75.46221
3245,68.851776
3246,15.576888
3247,69.15151
3248,69.262245
3249,15.56856
3250,66.92512
3251,71.69348
3252,66.72532
3253,68.935074
3254,14.556502
3255,69.594475
3256,73.90325
3257,68.139694
3258,14.586227
3259,70.62784
3260,16.575357
3261,69.59952
3262,69.71531
3263,13.566014
3264,70.69178
3265,67.837776
3266,72.79585
3267,71.91496
3268,70.977135
3269,16.56194
3270,70.29971
3271,69.36146
3272,68.50726
3273,68.7136
3274,17.576717
3275,66.92006
3276,72.24214
3277,72.12083
3278,70.03744
3279,72.22046
3280,66.04572
3281,73.736496
3282,67.93336
3283,70.69683
3284,73.32282
3285,71.792694
3286,75.20127
3287,73.6521
3288,66.94679
3289,16.570093
3290,15.560579
3291,16.602535
3292,68.0441
3293,14.564656
3294,15.574169
3295,71.74276
3296,16.564657
3297,75.78584
3298,68.80919
3299,16.575531
3300,16.572638
3301,16.56194
3302,66.50601
3303,73.68517
3304,76.561325
3305,13.576886
3306,69.90834
3307,16.56194
3308,15.571452
3309,71.37137
3310,15.557861
3311,74.551056
3312,72.049965
3313,16.583511
3314,17.579435
3315,70.89157
3316,68.35969
3317,67.48535
3318,73.1542
3319,72.88646
3320,15.56856
3321,65.17495
3322,92.679565
3323,71.79918
3324,72.20524
3325,68.49211
3326,66.80932
3327,22.480494
3328,66.60953
3329,69.55763
3330,15.560579
3331,66.28235
3332,71.7083
3333,70.79241
3334,71.55601
3335,14.553783
3336,68.50726
3337,17.427427
3338,64.616196
3339,16.56194
3340,15.568734
3341,73.56599
3342,69.80585
3343,68.7136
3344,69.92596
3345,69.93175
3346,17.590895
3347,68.69845
3348,66.49879
3349,71.14484
3350,68.48202
3351,73.10639
3352,68.123055
3353,68.42702
3354,68.133156
3355,66.493744
3356,68.39037
3357,66.17667
3358,67.80522
3359,15.598459
3360,74.54095
3361,17.568563
3362,74.78918
3363,69.20214
3364,15.582324
3365,71.78759
3366,71.02905
3367,15.544271
3368,70.017715
3369,71.24583
3370,16.540194
3371,71.79918
3372,69.57783
3373,18.482218
3374,16.572813
3375,70.68019
3376,65.48548
3377,67.05753
3378,73.428505
3379,68.48202
3380,15.576888
3381,16.578247
3382,66.493744
3383,95.90279
3384,66.39815
3385,68.59276
3386,69.372986
3387,16.559048
3388,69.710266
3389,15.555143
3390,68.27569
3391,69.00836
3392,64.28901
3393,97.04725
3394,66.71522
3395,17.565844
3396,18.586817
3397,67.864655
3398,67.53653
3399,70.11639
3400,18.572641
3401,64.510506
3402,17.590895
3403,89.08815
3404,73.08025
3405,15.560579
3406,65.15326
3407,14.578246
3408,67.94346
3409,18.448612
3410,73.69188
3411,14.591836
3412,16.559048
3413,76.2044
3414,68.49211
3415,73.45524
3416,15.58215
3417,66.4032
3418,71.24583
3419,71.22885
3420,73.433556
3421,67.39481
3422,93.667786
3423,14.567374
3424,15.566015
3425,75.94899
3426,75.23214
3427,72.568985
3428,69.92669
3429,69.22711
3430,73.00914
3431,69.92164
3432,71.466965
3433,70.69683
3434,77.29938
3435,73.52442
3436,68.487076
3437,66.166565
3438,15.555143
3439,68.1599
3440,62.190002
3441,16.564657
3442,64.83263
3443,70.03238
3444,69.11774
3445,74.646645
3446,74.72089
3447,68.40158
3448,69.899956
3449,72.57942
3450,73.23957
3451,65.35819
3452,72.25729
3453,17.609919
3454,68.92498
3455,18.586817
3456,65.80255
3457,73.433556
3458,66.94679
3459,18.450098
3460,71.32443
3461,67.35797
3462,18.600407
3463,73.47322
3464,67.706825
3465,70.796646
3466,14.608557
3467,16.561766
3468,64.505455
3469,68.79255
3470,71.12463
3471,17.588175
3472,21.585287
3473,17.604485
3474,69.584366
3475,71.79918
3476,14.559219
3477,67.505554
3478,16.572813
3479,74.26794
3480,62.622864
3481,70.14817
3482,69.700165
3483,16.56194
3484,72.25224
3485,70.79747
3486,68.255486
3487,16.551067
3488,69.82606
3489,99.78423
3490,15.571452
3491,69.63964
3492,17.615181
3493,75.35132
3494,15.574169
3495,69.555244
3496,16.567787
3497,69.78729
3498,70.12144
3499,15.530508
3500,74.43022
3501,69.91659
3502,69.00899
3503,16.564657
3504,16.550896
3505,73.16845
3506,19.590895
3507,19.604313
3508,17.579435
3509,69.02166
3510,72.25518
3511,72.54667
3512,73.786446
3513,68.82434
3514,74.641594
3515,70.91326
3516,69.20214
3517,76.11301
3518,70.43346
3519,69.55763
3520,72.93716
3521,19.593441
3522,17.58002
3523,67.014626
3524,16.564657
3525,17.584871
3526,69.23046
3527,66.05521
3528,64.616196
3529,68.15832
3530,72.21541
3531,68.68023
3532,66.61458
3533,71.30525
3534,66.61458
3535,15.557861
3536,63.723736
3537,15.563297
3538,70.45871
3539,13.563296
3540,16.589533
3541,66.38805
3542,15.560579
3543,71.7036
3544,71.7216
3545,76.95834
3546,69.2774
3547,67.82114
3548,17.560993
3549,77.849464
3550,74.8935
3551,15.587587
3552,65.7021
3553,73.77083
3554,74.22395
3555,17.546993
3556,16.551067
3557,17.563128
3558,15.557861
3559,72.33625
3560,63.86121
3561,71.35622
3562,17.582739
3563,14.559219
3564,23.44652
3565,15.565843
3566,73.23881
3567,70.15322
3568,68.59276
3569,71.59892
3570,17.500273
3571,68.90329
3572,18.616543
3573,69.267296
3574,70.36965
3575,74.91249
3576,69.789215
3577,69.378044
3578,69.36146
3579,69.92164
3580,73.4603
3581,69.3513
3582,17.560583
3583,15.601763
3584,68.92498
3585,15.563297
3586,67.14659
3587,72.0257
3588,15.590478
3589,67.93336
3590,66.38805
3591,69.257195
3592,71.33023
3593,61.852726
3594,16.575357
3595,73.67707
3596,67.495445
3597,65.612854
3598,68.7035
3599,15.590478
3600,15.568734
3601,69.97158
3602,15.5767145
3603,17.563128
3604,15.566015
3605,69.995544
3606,14.5456295
3607,16.572638
3608,65.718544
3609,68.1599
3610,69.11793
3611,66.50384
3612,66.50384
3613,73.133125
3614,75.22163
3615,66.060875
3616,72.1213
3617,68.79255
3618,73.35965
3619,70.53962
3620,67.384705
3621,13.574168
3622,70.90167
3623,69.25208
3624,70.58105
3625,19.43501
3626,75.055214
3627,70.81767
3628,14.5780735
3629,66.83101
3630,93.123146
3631,73.90964
3632,17.577303
3633,70.02228
3634,16.559048
3635,74.39276
3636,14.578246
3637,73.3123
3638,73.3546
3639,70.13658
3640,65.622955
3641,14.559219
3642,71.10295
3643,16.570093
3644,69.424706
3645,19.63421
3646,70.80757
3647,15.560406
3648,70.21149
3649,69.378044
3650,15.584868
3651,17.584871
3652,67.473755
3653,70.84278
3654,67.16828
3655,18.62198
3656,68.366234
3657,14.5456295
3658,70.16537
3659,71.71726
3660,16.607975
3661,71.002106
3662,69.20214
3663,73.34795
3664,69.94184
3665,91.63883
3666,73.000694
3667,74.113144
3668,13.560577
3669,65.16989
3670,18.605844
3671,66.93165
3672,65.95013
3673,94.78663
3674,70.47534
3675,63.29236
3676,69.589424
3677,66.38805
3678,70.53962
3679,73.017334
3680,66.83101
3681,16.556501
3682,14.559219
3683,72.800896
3684,16.545631
3685,67.727036
3686,69.262245
3687,65.39137
3688,65.955185
3689,66.02908
3690,65.829285
3691,62.98033
3692,74.78033
3693,66.27369
3694,71.89041
3695,67.706825
3696,68.19278
3697,19.598877
3698,15.576888
3699,68.60791
3700,64.63134
3701,70.68727
3702,70.40528
3703,76.22863
3704,70.68674
3705,67.59609
3706,73.96535
3707,72.13646
3708,19.440952
3709,23.468264
3710,17.571867
3711,71.16142
3712,18.438215
3713,15.560579
3714,67.15817
3715,64.84778
3716,64.62125
3717,73.44871
3718,67.83272
3719,73.43861
3720,15.58776
3721,67.616295
3722,16.600231
3723,67.47881
3724,92.15067
3725,69.815956
3726,15.541553
3727,72.20351
3728,73.66008
3729,16.551067
3730,71.245476
3731,68.02397
3732,67.05249
3733,64.41937
3734,16.572813
3735,67.60114
3736,69.46858
3737,66.82091
3738,69.82394
3739,76.483055
3740,19.448378
3741,70.84278
3742,16.60584
3743,72.72714
3744,71.22885
3745,13.5524235
3746,71.14173
3747,74.01904
3748,74.77083
3749,76.856415
3750,16.556501
3751,69.20214
3752,62.743706
3753,69.80585
3754,68.7136
3755,72.1314
3756,66.49271
3757,66.58784
3758,71.1398
3759,18.575945
3760,70.03238
3761,70.03744
3762,66.372894
3763,71.33959
3764,74.899925
3765,16.589533
3766,66.166565
3767,69.38644
3768,68.935074
3769,72.777084
3770,23.457563
3771,70.59114
3772,75.33784
3773,69.362885
3774,70.69178
3775,17.574
3776,70.49049
3777,68.46538
3778,17.604311
3779,73.10522
3780,17.549536
3781,69.92164
3782,95.89562
3783,16.559223
3784,64.83768
3785,74.28338
3786,16.58912
3787,66.05078
3788,66.72027
3789,69.498886
3790,64.404816
3791,65.83646
3792,71.63915
3793,18.438215
3794,69.257195
3795,76.017426
3796,17.588175
3797,67.04744
3798,19.612467
3799,70.91831
3800,77.43412
3801,68.35969
3802,15.557861
3803,17.421951
3804,74.66145
3805,73.317764
3806,73.118515
3807,78.79582
3808,73.91335
3809,69.57932
3810,16.564657
3811,17.599049
3812,66.582794
3813,64.62125
3814,15.56856
3815,15.557861
3816,68.14979
3817,69.8109
3818,15.579606
3819,74.41773
3820,16.54835
3821,74.562645
3822,15.579606
3823,69.15151
3824,68.1599
3825,65.50717
3826,72.25729
3827,74.15703
3828,15.546989
3829,73.87652
3830,66.3931
3831,70.47534
3832,16.580793
3833,72.184074
3834,16.564486
3835,72.49067
3836,73.3123
3837,16.559048
3838,69.63964
3839,70.40528
3840,96.78281
3841,69.789215
3842,15.571452
3843,72.91156
3844,72.67353
3845,15.582324
3846,71.572655
3847,70.68168
3848,69.9368
3849,16.567375
3850,67.4904
3851,67.864655
3852,70.03101
3853,16.608387
3854,18.613998
3855,68.1599
3856,15.593196
3857,77.55942
3858,99.88796
3859,70.44355
3860,70.68019
3861,75.452065
3862,18.441187
3863,17.579435
3864,69.678474
3865,14.567374
3866,68.34959
3867,69.473625
3868,17.554974
3869,16.589533
3870,63.956806
3871,69.483734
3872,70.92841
3873,67.26386
3874,73.87085
3875,15.568734
3876,71.472
3877,66.267204
3878,66.956894
3879,71.577705
3880,69.53408
3881,15.58776
3882,64.510506
3883,73.99231
3884,14.570092
3885,73.6521
3886,16.575531
3887,19.612467
3888,18.447124
3889,70.505165
3890,64.283966
3891,16.575357
3892,14.553783
3893,15.566015
3894,69.92164
3895,19.580023
3896,74.155975
3897,65.06926
3898,70.80399
3899,24.472515
3900,75.084885
3901,74.988976
3902,15.557688
3903,14.591836
3904,15.582736
3905,97.226395
3906,65.50211
3907,67.31778
3908,65.29073
3909,16.572638
3910,15.568734
3911,73.805885
3912,70.15206
3913,98.26714
3914,72.377655
3915,74.7958
3916,63.508793
3917,76.914536
3918,71.688446
3919,72.33958
3920,75.67006
3921,66.94175
3922,69.36146
3923,75.97397
3924,69.15656
3925,67.04744
3926,66.59942
3927,15.56856
3928,68.68023
3929,21.471153
3930,15.557688
3931,16.572638
3932,16.597687
3933,69.889854
3934,16.578075
3935,71.69663
3936,17.560583
3937,67.616295
3938,69.60519
3939,68.344536
3940,12.553782
3941,88.90332
3942,71.024
3943,67.71693
3944,91.84994
3945,70.81262
3946,68.68687
3947,70.26397
3948,15.560579
3949,71.11306
3950,69.02166
3951,69.90649
3952,12.5565
3953,66.84616
3954,17.565844
3955,16.564486
3956,73.4603
3957,66.94353
3958,77.57955
3959,75.341446
3960,69.594475
3961,17.579435
3962,71.26062
3963,69.24561
3964,15.549706
3965,67.46366
3966,66.272255
3967,72.91143
3968,68.10629
3969,16.567204
3970,67.34275
3971,77.52085
3972,16.59982
3973,15.574169
3974,72.67353
3975,68.083405
3976,67.379654
3977,70.79093
3978,17.598873
3979,76.00227
3980,16.564486
3981,66.93669
3982,68.37633
3983,74.462
3984,16.611105
3985,75.45184
3986,16.594797
3987,67.606186
3988,16.586227
3989,73.02081
3990,65.204445
3991,64.483765
3992,70.36461
3993,68.89824
3994,70.79093
3995,17.563301
3996,68.37633
